combo_id,combo_label,condition,fold,epoch,train_loss,val_loss,train_f1,val_accuracy,val_precision,val_recall,val_f1_macro,val_f1_weighted,is_best_epoch
1,lb=1e-05_lc=1e-04_bs=16,S1,1,1,0.7174,0.4243,0.6841,0.8316,0.8307,0.8351,0.8301,0.8329,False
1,lb=1e-05_lc=1e-04_bs=16,S1,1,2,0.4035,0.4024,0.8547,0.8448,0.8423,0.847,0.8428,0.8458,True
1,lb=1e-05_lc=1e-04_bs=16,S1,1,3,0.2591,0.4425,0.9098,0.8514,0.851,0.8565,0.8499,0.852,False
1,lb=1e-05_lc=1e-04_bs=16,S1,1,4,0.1592,0.5768,0.9497,0.8476,0.8446,0.8497,0.8457,0.8481,False
1,lb=1e-05_lc=1e-04_bs=16,S1,1,5,0.0958,0.817,0.9736,0.8325,0.8288,0.8289,0.8288,0.8326,False
1,lb=1e-05_lc=1e-04_bs=16,S1,2,1,0.7109,0.4474,0.6885,0.8222,0.8236,0.8257,0.8209,0.8245,False
1,lb=1e-05_lc=1e-04_bs=16,S1,2,2,0.391,0.3924,0.8547,0.8485,0.8466,0.848,0.845,0.8478,True
1,lb=1e-05_lc=1e-04_bs=16,S1,2,3,0.2638,0.4933,0.9106,0.8504,0.8467,0.8476,0.8468,0.8501,False
1,lb=1e-05_lc=1e-04_bs=16,S1,2,4,0.1599,0.6317,0.9487,0.8495,0.8481,0.8511,0.8477,0.8509,False
1,lb=1e-05_lc=1e-04_bs=16,S1,2,5,0.0979,0.9158,0.9732,0.8429,0.8416,0.839,0.8399,0.843,False
1,lb=1e-05_lc=1e-04_bs=16,S1,3,1,0.723,0.4419,0.675,0.8429,0.8407,0.8373,0.8372,0.8411,True
1,lb=1e-05_lc=1e-04_bs=16,S1,3,2,0.392,0.5094,0.8478,0.8363,0.8427,0.824,0.8269,0.8319,False
1,lb=1e-05_lc=1e-04_bs=16,S1,3,3,0.27,0.5387,0.9036,0.8325,0.835,0.8256,0.8279,0.8323,False
1,lb=1e-05_lc=1e-04_bs=16,S1,3,4,0.16,0.639,0.9488,0.8523,0.8501,0.8461,0.8477,0.8515,False
1,lb=1e-05_lc=1e-04_bs=16,S1,4,1,0.7117,0.4642,0.6826,0.8296,0.8276,0.8216,0.8238,0.8287,False
1,lb=1e-05_lc=1e-04_bs=16,S1,4,2,0.3904,0.3963,0.8518,0.8418,0.8397,0.8431,0.8394,0.8435,True
1,lb=1e-05_lc=1e-04_bs=16,S1,4,3,0.2467,0.4995,0.9161,0.8493,0.8449,0.8485,0.8455,0.8501,False
1,lb=1e-05_lc=1e-04_bs=16,S1,4,4,0.1604,0.6823,0.9492,0.8465,0.8432,0.8385,0.8375,0.8444,False
1,lb=1e-05_lc=1e-04_bs=16,S1,4,5,0.1027,0.7914,0.9714,0.8409,0.8375,0.8381,0.837,0.8421,False
1,lb=1e-05_lc=1e-04_bs=16,S1,5,1,0.7163,0.4447,0.6837,0.8239,0.821,0.8202,0.8164,0.8228,False
1,lb=1e-05_lc=1e-04_bs=16,S1,5,2,0.3937,0.3926,0.8504,0.855,0.8533,0.8575,0.8532,0.8564,True
1,lb=1e-05_lc=1e-04_bs=16,S1,5,3,0.262,0.4442,0.9062,0.8578,0.8544,0.8593,0.8549,0.8582,False
1,lb=1e-05_lc=1e-04_bs=16,S1,5,4,0.1517,0.6413,0.9519,0.839,0.8367,0.8352,0.8352,0.8399,False
1,lb=1e-05_lc=1e-04_bs=16,S1,5,5,0.095,0.7621,0.9706,0.8427,0.8386,0.84,0.8391,0.8432,False
2,lb=1e-05_lc=1e-04_bs=32,S1,1,1,0.7784,0.4542,0.6508,0.8203,0.818,0.8201,0.8183,0.8213,False
2,lb=1e-05_lc=1e-04_bs=32,S1,1,2,0.4095,0.4012,0.8467,0.842,0.8377,0.8395,0.8372,0.8409,True
2,lb=1e-05_lc=1e-04_bs=32,S1,1,3,0.2839,0.4195,0.9008,0.8391,0.8355,0.8382,0.8365,0.8398,False
2,lb=1e-05_lc=1e-04_bs=32,S1,1,4,0.1934,0.4692,0.9329,0.8523,0.8489,0.851,0.8485,0.8512,False
2,lb=1e-05_lc=1e-04_bs=32,S1,1,5,0.1161,0.5916,0.9628,0.8363,0.8329,0.8317,0.8315,0.835,False
2,lb=1e-05_lc=1e-04_bs=32,S1,2,1,0.7733,0.4627,0.6598,0.8194,0.8182,0.8167,0.8168,0.8199,False
2,lb=1e-05_lc=1e-04_bs=32,S1,2,2,0.413,0.3957,0.8388,0.8495,0.8474,0.8521,0.8481,0.8504,True
2,lb=1e-05_lc=1e-04_bs=32,S1,2,3,0.2825,0.3995,0.8987,0.8617,0.8595,0.8636,0.8602,0.8626,False
2,lb=1e-05_lc=1e-04_bs=32,S1,2,4,0.1882,0.4844,0.9376,0.8438,0.841,0.8432,0.8409,0.8452,False
2,lb=1e-05_lc=1e-04_bs=32,S1,2,5,0.1159,0.5648,0.9627,0.8532,0.8495,0.8514,0.8503,0.8532,False
2,lb=1e-05_lc=1e-04_bs=32,S1,3,1,0.7935,0.4433,0.6397,0.8391,0.8355,0.8339,0.8339,0.8378,False
2,lb=1e-05_lc=1e-04_bs=32,S1,3,2,0.4173,0.4516,0.8361,0.8391,0.84,0.8348,0.8363,0.8393,False
2,lb=1e-05_lc=1e-04_bs=32,S1,3,3,0.2905,0.4008,0.8919,0.8598,0.8569,0.8599,0.8577,0.8607,True
2,lb=1e-05_lc=1e-04_bs=32,S1,3,4,0.1876,0.4883,0.9375,0.8523,0.8486,0.8487,0.8486,0.8526,False
2,lb=1e-05_lc=1e-04_bs=32,S1,3,5,0.1244,0.5782,0.9636,0.8476,0.8468,0.8453,0.8446,0.8486,False
2,lb=1e-05_lc=1e-04_bs=32,S1,3,6,0.082,0.6845,0.9728,0.8523,0.8504,0.8456,0.8475,0.8516,False
2,lb=1e-05_lc=1e-04_bs=32,S1,4,1,0.7948,0.424,0.6274,0.8324,0.8278,0.8292,0.827,0.8322,False
2,lb=1e-05_lc=1e-04_bs=32,S1,4,2,0.4176,0.3853,0.8373,0.8559,0.8515,0.8501,0.8499,0.8551,True
2,lb=1e-05_lc=1e-04_bs=32,S1,4,3,0.296,0.4241,0.8945,0.8531,0.8518,0.8428,0.8447,0.8506,False
2,lb=1e-05_lc=1e-04_bs=32,S1,4,4,0.2072,0.4551,0.9299,0.8446,0.84,0.8433,0.8408,0.8452,False
2,lb=1e-05_lc=1e-04_bs=32,S1,4,5,0.1347,0.5323,0.9581,0.8503,0.8449,0.8432,0.8438,0.8495,False
2,lb=1e-05_lc=1e-04_bs=32,S1,5,1,0.765,0.4555,0.6556,0.8154,0.811,0.8136,0.8116,0.8167,False
2,lb=1e-05_lc=1e-04_bs=32,S1,5,2,0.4105,0.3955,0.842,0.8493,0.8452,0.8478,0.8462,0.8499,True
2,lb=1e-05_lc=1e-04_bs=32,S1,5,3,0.2854,0.4333,0.8954,0.8493,0.8469,0.8438,0.8442,0.8479,False
2,lb=1e-05_lc=1e-04_bs=32,S1,5,4,0.1787,0.4895,0.9407,0.8352,0.8325,0.8315,0.8313,0.8362,False
2,lb=1e-05_lc=1e-04_bs=32,S1,5,5,0.1245,0.5424,0.9612,0.8427,0.8393,0.8394,0.8393,0.843,False
3,lb=1e-05_lc=1e-03_bs=16,S1,1,1,0.6177,0.4251,0.7372,0.8297,0.8257,0.8273,0.8264,0.8297,False
3,lb=1e-05_lc=1e-03_bs=16,S1,1,2,0.4198,0.4236,0.8529,0.8325,0.8292,0.8283,0.8285,0.8318,True
3,lb=1e-05_lc=1e-03_bs=16,S1,1,3,0.2619,0.6618,0.9138,0.8495,0.8469,0.848,0.8471,0.8502,False
3,lb=1e-05_lc=1e-03_bs=16,S1,1,4,0.156,0.8259,0.9549,0.8373,0.8338,0.8377,0.8348,0.838,False
3,lb=1e-05_lc=1e-03_bs=16,S1,1,5,0.0936,1.1223,0.9753,0.8278,0.8251,0.8241,0.8246,0.8279,False
3,lb=1e-05_lc=1e-03_bs=16,S1,2,1,0.6088,0.4612,0.7417,0.8166,0.8165,0.8122,0.8132,0.8172,False
3,lb=1e-05_lc=1e-03_bs=16,S1,2,2,0.4191,0.4274,0.8503,0.841,0.8368,0.8378,0.837,0.8404,True
3,lb=1e-05_lc=1e-03_bs=16,S1,2,3,0.269,0.5859,0.9117,0.8241,0.8288,0.822,0.821,0.8256,False
3,lb=1e-05_lc=1e-03_bs=16,S1,2,4,0.166,0.9148,0.9502,0.8448,0.8426,0.8403,0.8411,0.8441,False
3,lb=1e-05_lc=1e-03_bs=16,S1,2,5,0.1121,1.0197,0.9696,0.8504,0.8512,0.8537,0.8491,0.8524,False
3,lb=1e-05_lc=1e-03_bs=16,S1,3,1,0.6112,0.4368,0.742,0.8391,0.8349,0.8368,0.8357,0.839,False
3,lb=1e-05_lc=1e-03_bs=16,S1,3,2,0.4155,0.4123,0.8533,0.857,0.855,0.8602,0.8547,0.8576,True
3,lb=1e-05_lc=1e-03_bs=16,S1,3,3,0.2489,0.607,0.9147,0.8514,0.8496,0.8534,0.85,0.8524,False
3,lb=1e-05_lc=1e-03_bs=16,S1,3,4,0.1612,0.8385,0.9506,0.8608,0.8573,0.8594,0.8582,0.8611,False
3,lb=1e-05_lc=1e-03_bs=16,S1,3,5,0.1134,1.2933,0.9736,0.8467,0.8498,0.8379,0.8408,0.8444,False
3,lb=1e-05_lc=1e-03_bs=16,S1,4,1,0.6207,0.46,0.7341,0.8352,0.8384,0.8277,0.8264,0.8322,True
3,lb=1e-05_lc=1e-03_bs=16,S1,4,2,0.4027,0.4708,0.8532,0.8522,0.8562,0.842,0.8433,0.8484,False
3,lb=1e-05_lc=1e-03_bs=16,S1,4,3,0.2875,0.7309,0.9055,0.8475,0.8446,0.8401,0.8418,0.8464,False
3,lb=1e-05_lc=1e-03_bs=16,S1,4,4,0.1794,1.0772,0.95,0.8352,0.8318,0.8263,0.8277,0.8334,False
3,lb=1e-05_lc=1e-03_bs=16,S1,5,1,0.6068,0.4917,0.751,0.8164,0.8224,0.8239,0.8153,0.8179,False
3,lb=1e-05_lc=1e-03_bs=16,S1,5,2,0.4231,0.4204,0.8503,0.8484,0.8446,0.8484,0.8458,0.8491,True
3,lb=1e-05_lc=1e-03_bs=16,S1,5,3,0.2866,0.5524,0.9082,0.8578,0.8553,0.8601,0.8555,0.8588,False
3,lb=1e-05_lc=1e-03_bs=16,S1,5,4,0.1865,1.1064,0.9451,0.8145,0.8253,0.7996,0.7989,0.8057,False
3,lb=1e-05_lc=1e-03_bs=16,S1,5,5,0.1142,0.9295,0.9694,0.8475,0.8436,0.8455,0.8444,0.8477,False
4,lb=1e-05_lc=1e-03_bs=32,S1,1,1,0.6334,0.5355,0.7266,0.8015,0.8232,0.8164,0.8013,0.8012,False
4,lb=1e-05_lc=1e-03_bs=32,S1,1,2,0.3942,0.427,0.8513,0.8401,0.8424,0.8465,0.839,0.8412,True
4,lb=1e-05_lc=1e-03_bs=32,S1,1,3,0.2669,0.5047,0.8967,0.8363,0.8348,0.8315,0.8324,0.8352,False
4,lb=1e-05_lc=1e-03_bs=32,S1,1,4,0.1772,0.6523,0.9395,0.8344,0.8323,0.8314,0.8318,0.8343,False
4,lb=1e-05_lc=1e-03_bs=32,S1,1,5,0.106,0.7964,0.9633,0.8476,0.8446,0.8482,0.8458,0.8482,False
4,lb=1e-05_lc=1e-03_bs=32,S1,2,1,0.6263,0.4247,0.7383,0.8448,0.8496,0.8508,0.8446,0.847,False
4,lb=1e-05_lc=1e-03_bs=32,S1,2,2,0.4079,0.4014,0.8471,0.8598,0.8566,0.8616,0.8577,0.8601,True
4,lb=1e-05_lc=1e-03_bs=32,S1,2,3,0.271,0.4455,0.8985,0.8485,0.8465,0.8444,0.8437,0.8472,False
4,lb=1e-05_lc=1e-03_bs=32,S1,2,4,0.1739,0.5691,0.9394,0.842,0.8407,0.84,0.8389,0.8431,False
4,lb=1e-05_lc=1e-03_bs=32,S1,2,5,0.1058,0.6964,0.9622,0.8523,0.8483,0.8506,0.8492,0.8526,False
4,lb=1e-05_lc=1e-03_bs=32,S1,3,1,0.6445,0.4529,0.7218,0.8373,0.8369,0.8326,0.8344,0.8373,False
4,lb=1e-05_lc=1e-03_bs=32,S1,3,2,0.4119,0.4533,0.8488,0.8325,0.8311,0.8286,0.8297,0.8323,False
4,lb=1e-05_lc=1e-03_bs=32,S1,3,3,0.261,0.4127,0.9059,0.8561,0.8542,0.8578,0.8542,0.8575,True
4,lb=1e-05_lc=1e-03_bs=32,S1,3,4,0.1587,0.5274,0.9425,0.8523,0.8521,0.8479,0.8495,0.8523,False
4,lb=1e-05_lc=1e-03_bs=32,S1,3,5,0.1142,0.686,0.9606,0.8485,0.845,0.8449,0.8449,0.8486,False
4,lb=1e-05_lc=1e-03_bs=32,S1,3,6,0.0655,0.9758,0.9793,0.8382,0.8398,0.839,0.8367,0.84,False
4,lb=1e-05_lc=1e-03_bs=32,S1,4,1,0.6332,0.4389,0.7323,0.838,0.8402,0.8276,0.8306,0.8353,True
4,lb=1e-05_lc=1e-03_bs=32,S1,4,2,0.4101,0.4395,0.8438,0.839,0.8374,0.8308,0.831,0.8369,False
4,lb=1e-05_lc=1e-03_bs=32,S1,4,3,0.2638,0.5096,0.9029,0.8512,0.8462,0.8446,0.8451,0.8505,False
4,lb=1e-05_lc=1e-03_bs=32,S1,4,4,0.1602,0.5424,0.9424,0.8399,0.8355,0.8327,0.8335,0.8388,False
4,lb=1e-05_lc=1e-03_bs=32,S1,5,1,0.6279,0.4812,0.7299,0.8154,0.8175,0.8186,0.8107,0.8148,False
4,lb=1e-05_lc=1e-03_bs=32,S1,5,2,0.396,0.4029,0.85,0.8418,0.8406,0.845,0.8398,0.8432,True
4,lb=1e-05_lc=1e-03_bs=32,S1,5,3,0.2667,0.4445,0.9035,0.8569,0.8541,0.8578,0.8544,0.8582,False
4,lb=1e-05_lc=1e-03_bs=32,S1,5,4,0.1746,0.5795,0.9406,0.8315,0.8358,0.8311,0.8293,0.8335,False
4,lb=1e-05_lc=1e-03_bs=32,S1,5,5,0.0991,0.7983,0.9662,0.8465,0.8431,0.8423,0.8424,0.846,False
5,lb=2e-05_lc=1e-04_bs=16,S1,1,1,0.6838,0.4243,0.6974,0.8288,0.8244,0.8267,0.8244,0.8284,False
5,lb=2e-05_lc=1e-04_bs=16,S1,1,2,0.3817,0.4178,0.8566,0.8448,0.8463,0.8486,0.8415,0.8442,True
5,lb=2e-05_lc=1e-04_bs=16,S1,1,3,0.2287,0.5507,0.9268,0.8363,0.8387,0.8368,0.8347,0.8387,False
5,lb=2e-05_lc=1e-04_bs=16,S1,1,4,0.1344,0.7841,0.9587,0.8391,0.8376,0.8315,0.8321,0.8364,False
5,lb=2e-05_lc=1e-04_bs=16,S1,1,5,0.0795,1.0532,0.9779,0.8269,0.8277,0.8177,0.8199,0.8241,False
5,lb=2e-05_lc=1e-04_bs=16,S1,2,1,0.6914,0.4519,0.7067,0.8194,0.8188,0.8152,0.8166,0.8193,False
5,lb=2e-05_lc=1e-04_bs=16,S1,2,2,0.3847,0.4241,0.8569,0.8485,0.8475,0.8525,0.8469,0.8496,True
5,lb=2e-05_lc=1e-04_bs=16,S1,2,3,0.214,0.5438,0.9254,0.8391,0.8388,0.8434,0.8378,0.8404,False
5,lb=2e-05_lc=1e-04_bs=16,S1,2,4,0.1264,0.7309,0.9649,0.8476,0.8451,0.8494,0.8463,0.8481,False
5,lb=2e-05_lc=1e-04_bs=16,S1,2,5,0.0764,0.8785,0.9798,0.8373,0.8348,0.8371,0.8351,0.8383,False
5,lb=2e-05_lc=1e-04_bs=16,S1,3,1,0.695,0.3972,0.7018,0.8532,0.8539,0.8584,0.8522,0.8546,True
5,lb=2e-05_lc=1e-04_bs=16,S1,3,2,0.3877,0.4725,0.8558,0.8363,0.8344,0.8318,0.8329,0.8363,False
5,lb=2e-05_lc=1e-04_bs=16,S1,3,3,0.2373,0.5464,0.9201,0.8495,0.8469,0.8429,0.8421,0.847,False
5,lb=2e-05_lc=1e-04_bs=16,S1,3,4,0.1433,0.8855,0.9597,0.8278,0.8315,0.8172,0.8216,0.8259,False
5,lb=2e-05_lc=1e-04_bs=16,S1,4,1,0.6851,0.4405,0.6999,0.8418,0.8386,0.8331,0.8348,0.8401,True
5,lb=2e-05_lc=1e-04_bs=16,S1,4,2,0.3902,0.4826,0.8579,0.8399,0.8452,0.8286,0.8297,0.8355,False
5,lb=2e-05_lc=1e-04_bs=16,S1,4,3,0.2346,0.5057,0.9247,0.8437,0.8411,0.8455,0.8411,0.8449,False
5,lb=2e-05_lc=1e-04_bs=16,S1,4,4,0.1403,0.8352,0.9604,0.8352,0.8318,0.8279,0.8294,0.8344,False
5,lb=2e-05_lc=1e-04_bs=16,S1,5,1,0.6934,0.4478,0.6883,0.8343,0.8314,0.8312,0.8308,0.835,True
5,lb=2e-05_lc=1e-04_bs=16,S1,5,2,0.394,0.4516,0.8597,0.8409,0.8385,0.8417,0.8372,0.8415,False
5,lb=2e-05_lc=1e-04_bs=16,S1,5,3,0.245,0.5095,0.9205,0.8465,0.8433,0.8464,0.842,0.8462,False
5,lb=2e-05_lc=1e-04_bs=16,S1,5,4,0.1659,0.5862,0.9547,0.8569,0.8531,0.8574,0.8536,0.8573,False
6,lb=2e-05_lc=1e-04_bs=32,S1,1,1,0.744,0.4665,0.6667,0.8043,0.8103,0.8056,0.8033,0.8071,False
6,lb=2e-05_lc=1e-04_bs=32,S1,1,2,0.399,0.4045,0.8497,0.8373,0.8471,0.8468,0.8378,0.8392,True
6,lb=2e-05_lc=1e-04_bs=32,S1,1,3,0.234,0.4508,0.9201,0.8457,0.8422,0.8444,0.8431,0.8461,False
6,lb=2e-05_lc=1e-04_bs=32,S1,1,4,0.136,0.5572,0.9545,0.8344,0.8306,0.8321,0.831,0.8353,False
6,lb=2e-05_lc=1e-04_bs=32,S1,1,5,0.0666,0.7474,0.981,0.8532,0.8496,0.8507,0.85,0.8531,False
6,lb=2e-05_lc=1e-04_bs=32,S1,2,1,0.7272,0.4214,0.6833,0.8325,0.8294,0.832,0.8301,0.8334,False
6,lb=2e-05_lc=1e-04_bs=32,S1,2,2,0.3854,0.3964,0.8561,0.8532,0.8502,0.8509,0.8505,0.8534,True
6,lb=2e-05_lc=1e-04_bs=32,S1,2,3,0.237,0.4269,0.9194,0.8467,0.8431,0.8465,0.8441,0.8474,False
6,lb=2e-05_lc=1e-04_bs=32,S1,2,4,0.144,0.5383,0.9544,0.8598,0.8563,0.8602,0.8575,0.8605,False
6,lb=2e-05_lc=1e-04_bs=32,S1,2,5,0.0724,0.7202,0.9774,0.8561,0.8534,0.854,0.8535,0.8559,False
6,lb=2e-05_lc=1e-04_bs=32,S1,3,1,0.7367,0.4295,0.6682,0.8457,0.8422,0.8466,0.8432,0.8464,True
6,lb=2e-05_lc=1e-04_bs=32,S1,3,2,0.3922,0.454,0.8591,0.8485,0.8507,0.8399,0.8435,0.8472,False
6,lb=2e-05_lc=1e-04_bs=32,S1,3,3,0.2359,0.4604,0.9163,0.8523,0.8511,0.8556,0.851,0.8535,False
6,lb=2e-05_lc=1e-04_bs=32,S1,3,4,0.1358,0.6379,0.9563,0.8373,0.8376,0.8285,0.831,0.8352,False
6,lb=2e-05_lc=1e-04_bs=32,S1,4,1,0.7267,0.4135,0.6878,0.8475,0.8424,0.8427,0.8419,0.8472,False
6,lb=2e-05_lc=1e-04_bs=32,S1,4,2,0.3921,0.391,0.859,0.8446,0.8391,0.84,0.8392,0.8445,True
6,lb=2e-05_lc=1e-04_bs=32,S1,4,3,0.2268,0.4925,0.9191,0.8343,0.8387,0.8399,0.8333,0.8368,False
6,lb=2e-05_lc=1e-04_bs=32,S1,4,4,0.1348,0.6184,0.9549,0.8324,0.8287,0.8316,0.8277,0.8321,False
6,lb=2e-05_lc=1e-04_bs=32,S1,4,5,0.0765,0.7572,0.9763,0.8352,0.8304,0.8324,0.8311,0.836,False
6,lb=2e-05_lc=1e-04_bs=32,S1,5,1,0.7395,0.4349,0.6724,0.8315,0.8298,0.8335,0.8284,0.8323,False
6,lb=2e-05_lc=1e-04_bs=32,S1,5,2,0.3753,0.4149,0.8562,0.8427,0.8382,0.84,0.8389,0.8433,False
6,lb=2e-05_lc=1e-04_bs=32,S1,5,3,0.2286,0.4082,0.9196,0.854,0.8491,0.8517,0.8498,0.8541,True
6,lb=2e-05_lc=1e-04_bs=32,S1,5,4,0.1398,0.5227,0.9526,0.8399,0.8354,0.8366,0.8359,0.8398,False
6,lb=2e-05_lc=1e-04_bs=32,S1,5,5,0.074,0.693,0.9784,0.8371,0.8344,0.8297,0.8298,0.8346,False
6,lb=2e-05_lc=1e-04_bs=32,S1,5,6,0.0436,0.8334,0.9888,0.8465,0.8421,0.8438,0.8429,0.8468,False
7,lb=2e-05_lc=1e-03_bs=16,S1,1,1,0.6043,0.4807,0.7495,0.8203,0.8269,0.8194,0.8181,0.8212,True
7,lb=2e-05_lc=1e-03_bs=16,S1,1,2,0.4041,0.5541,0.8642,0.8128,0.821,0.821,0.8105,0.8121,False
7,lb=2e-05_lc=1e-03_bs=16,S1,1,3,0.2728,0.5434,0.9181,0.8297,0.8307,0.8311,0.8285,0.8318,False
7,lb=2e-05_lc=1e-03_bs=16,S1,1,4,0.153,1.008,0.9637,0.8307,0.8317,0.8265,0.8286,0.8307,False
7,lb=2e-05_lc=1e-03_bs=16,S1,2,1,0.6068,0.4413,0.7411,0.8325,0.828,0.8307,0.829,0.8326,True
7,lb=2e-05_lc=1e-03_bs=16,S1,2,2,0.4055,0.4988,0.8568,0.8401,0.8427,0.835,0.8324,0.8371,False
7,lb=2e-05_lc=1e-03_bs=16,S1,2,3,0.2584,0.5862,0.9196,0.8278,0.8301,0.8329,0.8257,0.8289,False
7,lb=2e-05_lc=1e-03_bs=16,S1,2,4,0.1562,0.7885,0.9573,0.8617,0.8595,0.8622,0.86,0.8625,False
7,lb=2e-05_lc=1e-03_bs=16,S1,3,1,0.6095,0.416,0.7488,0.8532,0.8496,0.8508,0.8498,0.8528,True
7,lb=2e-05_lc=1e-03_bs=16,S1,3,2,0.4217,0.4203,0.8603,0.841,0.8465,0.843,0.8392,0.8441,False
7,lb=2e-05_lc=1e-03_bs=16,S1,3,3,0.2442,0.6291,0.9256,0.8504,0.8521,0.8428,0.8452,0.8486,False
7,lb=2e-05_lc=1e-03_bs=16,S1,3,4,0.1645,1.0312,0.9568,0.8401,0.84,0.8332,0.8357,0.8391,False
7,lb=2e-05_lc=1e-03_bs=16,S1,4,1,0.6157,0.5074,0.7441,0.8249,0.8262,0.8288,0.8236,0.827,False
7,lb=2e-05_lc=1e-03_bs=16,S1,4,2,0.4099,0.4708,0.8594,0.8446,0.8455,0.8345,0.8332,0.8406,True
7,lb=2e-05_lc=1e-03_bs=16,S1,4,3,0.2619,0.56,0.9172,0.838,0.8395,0.8348,0.8306,0.837,False
7,lb=2e-05_lc=1e-03_bs=16,S1,4,4,0.147,0.8965,0.9636,0.8409,0.8355,0.8373,0.8361,0.841,False
7,lb=2e-05_lc=1e-03_bs=16,S1,4,5,0.0873,1.2537,0.9788,0.8296,0.8247,0.8205,0.8212,0.8275,False
7,lb=2e-05_lc=1e-03_bs=16,S1,5,1,0.599,0.5547,0.7498,0.7957,0.8039,0.7922,0.7904,0.7986,False
7,lb=2e-05_lc=1e-03_bs=16,S1,5,2,0.4079,0.432,0.8616,0.8531,0.8506,0.8536,0.8492,0.8529,True
7,lb=2e-05_lc=1e-03_bs=16,S1,5,3,0.2494,0.6752,0.921,0.838,0.8398,0.8387,0.8366,0.8396,False
7,lb=2e-05_lc=1e-03_bs=16,S1,5,4,0.1644,0.9123,0.9567,0.8324,0.8363,0.8349,0.8313,0.8351,False
7,lb=2e-05_lc=1e-03_bs=16,S1,5,5,0.0892,1.2184,0.9781,0.8427,0.8386,0.8381,0.8363,0.8415,False
8,lb=2e-05_lc=1e-03_bs=32,S1,1,1,0.6371,0.4889,0.7309,0.794,0.8134,0.8014,0.7953,0.7984,False
8,lb=2e-05_lc=1e-03_bs=32,S1,1,2,0.3838,0.4075,0.8559,0.8288,0.8277,0.8328,0.8277,0.8297,True
8,lb=2e-05_lc=1e-03_bs=32,S1,1,3,0.2124,0.4292,0.9278,0.8448,0.8405,0.8429,0.8414,0.8453,False
8,lb=2e-05_lc=1e-03_bs=32,S1,1,4,0.1381,0.763,0.9564,0.8401,0.8357,0.8363,0.8358,0.8397,False
8,lb=2e-05_lc=1e-03_bs=32,S1,1,5,0.0758,1.0333,0.9769,0.8438,0.8427,0.8459,0.8426,0.845,False
8,lb=2e-05_lc=1e-03_bs=32,S1,2,1,0.6135,0.4402,0.7382,0.8307,0.8331,0.8375,0.8293,0.8311,False
8,lb=2e-05_lc=1e-03_bs=32,S1,2,2,0.374,0.4171,0.8597,0.8532,0.8496,0.8526,0.8508,0.8537,True
8,lb=2e-05_lc=1e-03_bs=32,S1,2,3,0.2232,0.4636,0.9232,0.8561,0.8526,0.8572,0.8533,0.8566,False
8,lb=2e-05_lc=1e-03_bs=32,S1,2,4,0.1447,0.7277,0.9563,0.8485,0.8444,0.8478,0.8454,0.8485,False
8,lb=2e-05_lc=1e-03_bs=32,S1,2,5,0.0791,0.8163,0.9787,0.8438,0.8413,0.8426,0.8419,0.844,False
8,lb=2e-05_lc=1e-03_bs=32,S1,3,1,0.6225,0.3947,0.7353,0.8627,0.8595,0.8631,0.8607,0.8632,True
8,lb=2e-05_lc=1e-03_bs=32,S1,3,2,0.3876,0.4232,0.8544,0.8401,0.8434,0.8405,0.8377,0.8428,False
8,lb=2e-05_lc=1e-03_bs=32,S1,3,3,0.2271,0.478,0.924,0.8674,0.8644,0.8689,0.8655,0.8682,False
8,lb=2e-05_lc=1e-03_bs=32,S1,3,4,0.1336,0.8344,0.9552,0.8391,0.8364,0.8339,0.8347,0.8382,False
8,lb=2e-05_lc=1e-03_bs=32,S1,4,1,0.6512,0.4282,0.718,0.8239,0.8255,0.8252,0.8201,0.8243,False
8,lb=2e-05_lc=1e-03_bs=32,S1,4,2,0.402,0.3907,0.8542,0.8475,0.8424,0.8451,0.8433,0.8479,True
8,lb=2e-05_lc=1e-03_bs=32,S1,4,3,0.2337,0.8452,0.9227,0.8023,0.8225,0.7819,0.7825,0.7905,False
8,lb=2e-05_lc=1e-03_bs=32,S1,4,4,0.1464,0.8188,0.9509,0.8277,0.8239,0.8189,0.8208,0.8265,False
8,lb=2e-05_lc=1e-03_bs=32,S1,4,5,0.0838,0.9431,0.9751,0.8305,0.8269,0.8283,0.8269,0.8318,False
8,lb=2e-05_lc=1e-03_bs=32,S1,5,1,0.6042,0.4448,0.7385,0.8362,0.8331,0.8342,0.8331,0.837,False
8,lb=2e-05_lc=1e-03_bs=32,S1,5,2,0.3925,0.4094,0.8565,0.8399,0.8388,0.844,0.8385,0.8409,True
8,lb=2e-05_lc=1e-03_bs=32,S1,5,3,0.2359,0.4395,0.9132,0.854,0.8505,0.855,0.8518,0.8545,False
8,lb=2e-05_lc=1e-03_bs=32,S1,5,4,0.1368,0.6318,0.9577,0.8531,0.8494,0.8486,0.8475,0.8516,False
8,lb=2e-05_lc=1e-03_bs=32,S1,5,5,0.0919,0.9143,0.9751,0.8522,0.8484,0.8525,0.8492,0.853,False
9,lb=3e-05_lc=1e-04_bs=16,S1,1,1,0.654,0.4235,0.7187,0.8288,0.8267,0.8301,0.8268,0.8301,True
9,lb=3e-05_lc=1e-04_bs=16,S1,1,2,0.3934,0.4734,0.8619,0.8457,0.8522,0.8554,0.8458,0.8466,False
9,lb=3e-05_lc=1e-04_bs=16,S1,1,3,0.232,0.4866,0.9293,0.8448,0.8405,0.8435,0.8409,0.8438,False
9,lb=3e-05_lc=1e-04_bs=16,S1,1,4,0.1461,0.6952,0.9597,0.8429,0.8398,0.8434,0.8407,0.8438,False
9,lb=3e-05_lc=1e-04_bs=16,S1,2,1,0.676,0.4302,0.7085,0.8354,0.8326,0.8355,0.8332,0.8364,True
9,lb=3e-05_lc=1e-04_bs=16,S1,2,2,0.3948,0.4516,0.8627,0.8514,0.8512,0.846,0.8464,0.8497,False
9,lb=3e-05_lc=1e-04_bs=16,S1,2,3,0.2555,0.5885,0.9193,0.841,0.8405,0.8426,0.8394,0.8425,False
9,lb=3e-05_lc=1e-04_bs=16,S1,2,4,0.1508,0.7399,0.9589,0.8467,0.8433,0.8478,0.8444,0.8473,False
9,lb=3e-05_lc=1e-04_bs=16,S1,3,1,0.6738,0.4427,0.7028,0.8429,0.8387,0.8402,0.8375,0.8418,False
9,lb=3e-05_lc=1e-04_bs=16,S1,3,2,0.3991,0.4321,0.8557,0.8467,0.8445,0.8463,0.8423,0.846,True
9,lb=3e-05_lc=1e-04_bs=16,S1,3,3,0.2406,0.6078,0.9193,0.842,0.8376,0.8396,0.8384,0.8424,False
9,lb=3e-05_lc=1e-04_bs=16,S1,3,4,0.1263,0.8612,0.9642,0.8514,0.8481,0.8481,0.8481,0.8514,False
9,lb=3e-05_lc=1e-04_bs=16,S1,3,5,0.0882,0.9155,0.9777,0.8467,0.8434,0.8445,0.8436,0.8474,False
9,lb=3e-05_lc=1e-04_bs=16,S1,4,1,0.6661,0.4736,0.7145,0.8117,0.8223,0.8216,0.8106,0.8123,False
9,lb=3e-05_lc=1e-04_bs=16,S1,4,2,0.3951,0.4714,0.8562,0.8456,0.8423,0.8392,0.838,0.8435,True
9,lb=3e-05_lc=1e-04_bs=16,S1,4,3,0.2472,0.627,0.9199,0.8296,0.8381,0.8159,0.8145,0.8226,False
9,lb=3e-05_lc=1e-04_bs=16,S1,4,4,0.1367,0.8287,0.958,0.839,0.8336,0.8355,0.8343,0.8392,False
9,lb=3e-05_lc=1e-04_bs=16,S1,4,5,0.0824,1.156,0.9796,0.8258,0.8336,0.8141,0.8195,0.8235,False
9,lb=3e-05_lc=1e-04_bs=16,S1,5,1,0.6857,0.4403,0.7048,0.838,0.8331,0.8343,0.8333,0.8377,True
9,lb=3e-05_lc=1e-04_bs=16,S1,5,2,0.3915,0.4818,0.8565,0.8343,0.8305,0.8279,0.8283,0.833,False
9,lb=3e-05_lc=1e-04_bs=16,S1,5,3,0.255,0.5148,0.9192,0.839,0.8333,0.8354,0.8338,0.8388,False
9,lb=3e-05_lc=1e-04_bs=16,S1,5,4,0.1535,0.7347,0.9594,0.8333,0.8331,0.8298,0.8302,0.8341,False
10,lb=3e-05_lc=1e-04_bs=32,S1,1,1,0.7138,0.422,0.6922,0.8373,0.8363,0.8415,0.8356,0.838,True
10,lb=3e-05_lc=1e-04_bs=32,S1,1,2,0.3927,0.4222,0.8532,0.8476,0.8458,0.8511,0.8454,0.8475,False
10,lb=3e-05_lc=1e-04_bs=32,S1,1,3,0.2341,0.4421,0.9187,0.8504,0.8483,0.85,0.8486,0.8512,False
10,lb=3e-05_lc=1e-04_bs=32,S1,1,4,0.1333,0.5225,0.958,0.8467,0.8439,0.8491,0.8449,0.8472,False
10,lb=3e-05_lc=1e-04_bs=32,S1,2,1,0.6902,0.4389,0.714,0.8307,0.8327,0.8341,0.8299,0.8325,False
10,lb=3e-05_lc=1e-04_bs=32,S1,2,2,0.3769,0.4147,0.8605,0.8438,0.8429,0.8463,0.8426,0.845,True
10,lb=3e-05_lc=1e-04_bs=32,S1,2,3,0.2133,0.5033,0.9287,0.841,0.8376,0.8411,0.8389,0.8415,False
10,lb=3e-05_lc=1e-04_bs=32,S1,2,4,0.1346,0.6282,0.9586,0.8448,0.8442,0.8474,0.8434,0.8462,False
10,lb=3e-05_lc=1e-04_bs=32,S1,2,5,0.0782,0.7663,0.9799,0.8448,0.8429,0.84,0.8401,0.8435,False
10,lb=3e-05_lc=1e-04_bs=32,S1,3,1,0.713,0.4486,0.688,0.8278,0.8353,0.8312,0.8275,0.8308,False
10,lb=3e-05_lc=1e-04_bs=32,S1,3,2,0.3855,0.4222,0.856,0.8598,0.8561,0.8582,0.8568,0.8605,True
10,lb=3e-05_lc=1e-04_bs=32,S1,3,3,0.2196,0.5112,0.9214,0.8589,0.8544,0.8575,0.8555,0.8594,False
10,lb=3e-05_lc=1e-04_bs=32,S1,3,4,0.1279,0.73,0.9634,0.8457,0.8434,0.8393,0.841,0.8452,False
10,lb=3e-05_lc=1e-04_bs=32,S1,3,5,0.0692,0.7,0.9811,0.8467,0.8424,0.8438,0.8431,0.8468,False
10,lb=3e-05_lc=1e-04_bs=32,S1,4,1,0.7245,0.4189,0.6865,0.8399,0.8387,0.8323,0.8312,0.8384,False
10,lb=3e-05_lc=1e-04_bs=32,S1,4,2,0.3885,0.3845,0.8517,0.8475,0.8427,0.8456,0.8436,0.8483,True
10,lb=3e-05_lc=1e-04_bs=32,S1,4,3,0.217,0.5078,0.9276,0.8343,0.8304,0.8298,0.83,0.8343,False
10,lb=3e-05_lc=1e-04_bs=32,S1,4,4,0.1281,0.6289,0.9605,0.8427,0.84,0.8355,0.8345,0.8402,False
10,lb=3e-05_lc=1e-04_bs=32,S1,4,5,0.0808,0.8437,0.9736,0.8352,0.8359,0.8257,0.8246,0.8316,False
10,lb=3e-05_lc=1e-04_bs=32,S1,5,1,0.7139,0.4502,0.6881,0.8305,0.8254,0.8276,0.826,0.8315,False
10,lb=3e-05_lc=1e-04_bs=32,S1,5,2,0.3828,0.4203,0.8567,0.8333,0.8271,0.8296,0.8274,0.833,True
10,lb=3e-05_lc=1e-04_bs=32,S1,5,3,0.2255,0.4229,0.9225,0.8606,0.857,0.8612,0.8579,0.8616,False
10,lb=3e-05_lc=1e-04_bs=32,S1,5,4,0.1397,0.6569,0.9532,0.839,0.838,0.8325,0.8347,0.8382,False
10,lb=3e-05_lc=1e-04_bs=32,S1,5,5,0.075,0.8082,0.9781,0.838,0.8347,0.8326,0.8335,0.8376,False
11,lb=3e-05_lc=1e-03_bs=16,S1,1,1,0.5969,0.6071,0.7496,0.8081,0.8185,0.8181,0.8084,0.8097,False
11,lb=3e-05_lc=1e-03_bs=16,S1,1,2,0.4129,0.5182,0.8566,0.8373,0.8331,0.8356,0.8337,0.8367,True
11,lb=3e-05_lc=1e-03_bs=16,S1,1,3,0.2669,0.5528,0.9204,0.8429,0.8414,0.8386,0.8398,0.843,False
11,lb=3e-05_lc=1e-03_bs=16,S1,1,4,0.1602,0.8454,0.9625,0.842,0.8378,0.8403,0.8382,0.8418,False
11,lb=3e-05_lc=1e-03_bs=16,S1,1,5,0.0974,1.0596,0.9764,0.8429,0.8436,0.8482,0.8423,0.8441,False
11,lb=3e-05_lc=1e-03_bs=16,S1,2,1,0.607,0.4475,0.744,0.8391,0.8373,0.8339,0.8345,0.8379,True
11,lb=3e-05_lc=1e-03_bs=16,S1,2,2,0.4201,0.486,0.8528,0.8325,0.8306,0.835,0.8296,0.8325,False
11,lb=3e-05_lc=1e-03_bs=16,S1,2,3,0.2771,0.7926,0.9238,0.8297,0.8286,0.8249,0.8222,0.8275,False
11,lb=3e-05_lc=1e-03_bs=16,S1,2,4,0.1764,0.944,0.956,0.8184,0.8213,0.8201,0.8171,0.821,False
11,lb=3e-05_lc=1e-03_bs=16,S1,3,1,0.6182,0.4749,0.7447,0.8523,0.8531,0.8452,0.8462,0.8502,True
11,lb=3e-05_lc=1e-03_bs=16,S1,3,2,0.4188,0.5192,0.8559,0.8241,0.8198,0.8232,0.8209,0.8245,False
11,lb=3e-05_lc=1e-03_bs=16,S1,3,3,0.2651,0.9227,0.9222,0.8043,0.8125,0.795,0.7973,0.8034,False
11,lb=3e-05_lc=1e-03_bs=16,S1,3,4,0.1591,0.7428,0.9595,0.8401,0.8344,0.8346,0.8344,0.8399,False
11,lb=3e-05_lc=1e-03_bs=16,S1,4,1,0.609,0.5998,0.7492,0.7872,0.8092,0.7668,0.7645,0.7729,False
11,lb=3e-05_lc=1e-03_bs=16,S1,4,2,0.4262,0.4601,0.856,0.8333,0.8317,0.8344,0.8312,0.8348,True
11,lb=3e-05_lc=1e-03_bs=16,S1,4,3,0.2834,0.5623,0.9165,0.8371,0.8315,0.827,0.8279,0.835,False
11,lb=3e-05_lc=1e-03_bs=16,S1,4,4,0.1674,0.7616,0.9587,0.8437,0.8383,0.8412,0.8391,0.8442,False
11,lb=3e-05_lc=1e-03_bs=16,S1,4,5,0.1022,1.3249,0.9774,0.8418,0.8407,0.8327,0.8337,0.8393,False
11,lb=3e-05_lc=1e-03_bs=16,S1,5,1,0.6216,0.5193,0.7486,0.8013,0.8092,0.8067,0.7987,0.8019,True
11,lb=3e-05_lc=1e-03_bs=16,S1,5,2,0.4248,0.5209,0.8571,0.8286,0.8261,0.8186,0.8186,0.8246,False
11,lb=3e-05_lc=1e-03_bs=16,S1,5,3,0.2605,0.5245,0.921,0.8446,0.8398,0.8431,0.8408,0.845,False
11,lb=3e-05_lc=1e-03_bs=16,S1,5,4,0.1667,0.7599,0.9538,0.8399,0.8353,0.8328,0.8333,0.8385,False
12,lb=3e-05_lc=1e-03_bs=32,S1,1,1,0.6258,0.4573,0.7361,0.8354,0.8344,0.8304,0.8321,0.835,True
12,lb=3e-05_lc=1e-03_bs=32,S1,1,2,0.388,0.4738,0.861,0.8373,0.8399,0.8435,0.8356,0.8381,False
12,lb=3e-05_lc=1e-03_bs=32,S1,1,3,0.2237,0.5185,0.9256,0.8325,0.8295,0.8318,0.8304,0.8331,False
12,lb=3e-05_lc=1e-03_bs=32,S1,1,4,0.1116,0.8381,0.9673,0.8335,0.829,0.8305,0.829,0.8326,False
12,lb=3e-05_lc=1e-03_bs=32,S1,2,1,0.6243,0.4263,0.7375,0.8457,0.8443,0.8497,0.8443,0.8465,True
12,lb=3e-05_lc=1e-03_bs=32,S1,2,2,0.401,0.5148,0.8519,0.8363,0.8434,0.8452,0.8364,0.8379,False
12,lb=3e-05_lc=1e-03_bs=32,S1,2,3,0.2283,0.6306,0.9211,0.8325,0.8446,0.8208,0.8219,0.827,False
12,lb=3e-05_lc=1e-03_bs=32,S1,2,4,0.1401,0.7766,0.9584,0.8523,0.8484,0.8515,0.8494,0.8524,False
12,lb=3e-05_lc=1e-03_bs=32,S1,3,1,0.6347,0.5121,0.7282,0.8401,0.8408,0.8322,0.835,0.8385,False
12,lb=3e-05_lc=1e-03_bs=32,S1,3,2,0.3873,0.4034,0.862,0.8627,0.8588,0.8626,0.86,0.8633,True
12,lb=3e-05_lc=1e-03_bs=32,S1,3,3,0.2214,0.6241,0.9285,0.8288,0.8357,0.8175,0.8229,0.8269,False
12,lb=3e-05_lc=1e-03_bs=32,S1,3,4,0.1416,0.8352,0.9586,0.8194,0.8235,0.8091,0.8137,0.8179,False
12,lb=3e-05_lc=1e-03_bs=32,S1,3,5,0.0825,1.0557,0.978,0.8485,0.8511,0.8387,0.8409,0.8453,False
12,lb=3e-05_lc=1e-03_bs=32,S1,4,1,0.6227,0.417,0.7337,0.8343,0.8362,0.8386,0.8323,0.8364,True
12,lb=3e-05_lc=1e-03_bs=32,S1,4,2,0.399,0.4417,0.8572,0.8484,0.8459,0.844,0.8418,0.8475,False
12,lb=3e-05_lc=1e-03_bs=32,S1,4,3,0.2441,0.5791,0.9201,0.8315,0.8311,0.8234,0.8253,0.831,False
12,lb=3e-05_lc=1e-03_bs=32,S1,4,4,0.1495,0.7133,0.9539,0.8362,0.8353,0.8333,0.8322,0.8378,False
12,lb=3e-05_lc=1e-03_bs=32,S1,5,1,0.6041,0.4406,0.7456,0.8362,0.8382,0.8402,0.8337,0.8375,True
12,lb=3e-05_lc=1e-03_bs=32,S1,5,2,0.3833,0.5666,0.8643,0.8258,0.8298,0.8309,0.8231,0.827,False
12,lb=3e-05_lc=1e-03_bs=32,S1,5,3,0.2212,0.4816,0.9277,0.855,0.8539,0.8586,0.853,0.8562,False
12,lb=3e-05_lc=1e-03_bs=32,S1,5,4,0.1243,0.7088,0.9591,0.8324,0.8335,0.8235,0.8262,0.8302,False
